{"cameraMode":{"drawMode":0,"name":"Shaded","section":"Shading Mode"},"sceneLighting":false,"audioPlay":false,"sceneViewState":{"showFog":true,"showMaterialUpdate":false,"showSkybox":true,"showFlares":true,"showImageEffects":true,"showParticleSystems":true},"in2DMode":false,"pivot":{"x":-2.299999237060547,"y":75.0999984741211,"z":-40.400001525878909},"rotation":{"x":0.20233562588691712,"y":-0.7270406484603882,"z":0.24023449420928956,"w":0.610540509223938},"size":191.21725463867188,"orthographic":true}