{"cameraMode":{"drawMode":0,"name":"Shaded","section":"Shading Mode"},"sceneLighting":false,"audioPlay":false,"sceneViewState":{"showFog":true,"showMaterialUpdate":false,"showSkybox":true,"showFlares":true,"showImageEffects":true,"showParticleSystems":true},"in2DMode":false,"pivot":{"x":-38.099998474121097,"y":47.20000076293945,"z":-49.900001525878909},"rotation":{"x":-0.011397714726626873,"y":-0.004489385522902012,"z":0.00004956922566634603,"w":-0.9999249577522278},"size":32.14677047729492,"orthographic":true}