{"cameraMode":{"drawMode":0,"name":"Shaded","section":"Shading Mode"},"sceneLighting":true,"audioPlay":false,"sceneViewState":{"showFog":true,"showMaterialUpdate":false,"showSkybox":true,"showFlares":true,"showImageEffects":true,"showParticleSystems":true},"in2DMode":false,"pivot":{"x":23.16349220275879,"y":42.788780212402347,"z":-65.29457092285156},"rotation":{"x":-0.09354155510663986,"y":-0.40844011306762698,"z":0.04316113889217377,"w":-0.906952977180481},"size":143.85345458984376,"orthographic":true}